1-1600,
1601-1700,
1701-1800,
1801-1900,
1901-2000,
2001-2100,
2101-2200,
2201-2300,
2301-2400,
2401-2500,
2501-2600,
2601-2700,
2701-2800,
2801-2900,
2901-3000,
3001-3100,
3101-3200,
3201-3300,
3301-3400,
3401-3500,
3501-3600,
3601-3700,
3701-3800,
3801-3900,
3901-4000,
4001-4100,
4101-4200,
4201-4300,
4301-4400,
4401-4500,
4501-4600,
4601-4700,
4701-4800,
4801-4900,
4901-5000,
5001-5100,
5101-5200,
5201-5300,
5301-5400,
5401-5500,
5501-5600,
5601-5700,
5701-5800,
5801-5900,
5901-6000,
6001-6100,
6101-6200,
6201-6300,
6301-6400,
6401-6500,
6501-6600,
6601-6700,
6701-6800,
6801-6900,
6901-7000,
7001-7100,
7101-7200,
7201-7300,
7301-7400,
7401-7500,
7501-7600,
7601-7700,
7701-7800,
7801-7900,
7901-8000,
8001-8100,
8101-8200,
8201-8300,
8301-8400,
8401-8500,
8501-8600,
8601-8700,
8701-8800,
8801-8900,
8901-9000,
9001-9100,
9101-9200,
9201-9300,
9301-9400,
9401-9500,
9501-9600,
9601-9700,
9701-9800,
9801-9900,
9901-10000,
10001-10100,
10101-10200,
10201-10300,
10301-10400,
10401-10500,
10501-10600,
10601-10700,
10701-10800,
10801-10900,
10901-11000,
11001-11100,
11101-11200,
11201-11300,
11301-11400,
11401-11500,
11501-11600,
11601-11700,
11701-11800,
11801-11900,
11901-12000,
12001-12100,
12101-12200,
12201-12300,
12301-12400,
12401-12500,
12501-12600,
12601-12700,
12701-12800,
12801-12900,
12901-13000,
13001-13100,
13101-13200,
13201-13300,
13301-13400,
13401-13500,
13501-13600,
13601-13700,
13701-13800,
13801-13900,
13901-14000,
14001-14100,
14101-14200,
14201-14300,
14301-14400,
14401-14500,
14501-14600,
14601-14700,
14701-14800,
14801-14900,
14901-15000,
15001-15100,
15101-15200,
15201-15300,
15301-15400,
15401-15500,
15501-15600,
15601-15700,
15701-15800,
15801-15900,
15901-16000,
16001-16100,
16101-16200,
16201-16300,
16301-16400,
16401-16500,
16501-16600,
16601-16700,
16701-16800,
16801-16900,
16901-17000,
17001-17100,
17101-17200,
17201-17300,
17301-17400,
17401-17500,
17501-17600,
17601-17700,
17701-17800,
17801-17900,
17901-18000,
18001-18100,
18101-18200,
18201-18300,
18301-18400,
18401-18500,
18501-18600,
18601-18700,
18701-18800,
18801-18900,
18901-19000,
19001-19100,
19101-19200,
19201-19300,
19301-19400,
19401-19500,
19501-19600,
19601-19700,
19701-19800,
19801-19900,
19901-20000,
20001-20200,
20201-20400,
20401-20600,
20601-20800,
20801-21000,
21001-21200,
21201-21400,
21401-21600,
21601-21800,
21801-22000,
22001-22200,
22201-22400,
22401-22600,
22601-22800,
22801-23000,
23001-23200,
23201-23400,
23401-23600,
23601-23800,
23801-24000,
24001-24200,
24201-24400,
24401-24600,
24601-24800,
24801-25000,
25001-25200,
25201-25400,
25401-25600,
25601-25800,
25801-26000,
26001-26200,
26201-26400,
26401-26600,
26601-26800,
26801-27000,
27001-27200,
27201-27400,
27401-27600,
27601-27800,
27801-28000,
28001-28200,
28201-28400,
28401-28600,
28601-28800,
28801-29000,
29001-29200,
29201-29400,
29401-29600,
29601-29800,
29801-30000,
30001-30200,
30201-30400,
30401-30600,
30601-30800,
30801-31000,
31001-31200,
31201-31400,
31401-31600,
31601-31800,
31801-32000,
32001-32200,
32201-32400,
32401-32600,
32601-32800,
32801-33000,
33001-33200,
33201-33400,
33401-33600,
33601-33800,
33801-34000,
34001-34200,
34201-34400,
34401-34600,
34601-34800,
34801-35000,
35001-35200,
35201-35400,
35401-35600,
35601-35800,
35801-36000,
36001-36200,
36201-36400,
36401-36600,
36601-36800,
36801-37000,
37001-37200,
37201-37400,
37401-37600,
37601-37800,
37801-38000,
38001-38200,
38201-38400,
38401-38600,
38601-38800,
38801-39000,
39001-39200,
39201-39400,
39401-39600,
39601-39800,
39801-40000,
40001-40200,
40201-40400,
40401-40600,
40601-40800,
40801-41000,
41001-41200,
41201-41400,
41401-41600,
41601-41800,
41801-42000,
42001-42200,
42201-42400,
42401-42600,
42601-42800,
42801-43000,
43001-43200,
43201-43400,
43401-43600,
43601-43800,
43801-44000,
44001-44200,
44201-44400,
44401-44600,
44601-44800,
44801-45000,
45001-45200,
45201-45400,
45401-45600,
45601-45800,
45801-46000,
46001-46200,
46201-46400,
46401-46600,
46601-46800,
46801-47000,
47001-47200,
47201-47400,
47401-47600,
47601-47800,
47801-48000,
48001-48200,
48201-48400,
48401-48600,
48601-48800,
48801-49000,
49001-49200,
49201-49400,
49401-49600,
49601-49800,
49801-50000,
50001-50200,
50201-50400,
50401-50600,
50601-50800,
50801-51000,
51001-51200,
51201-51400,
51401-51600,
51601-51800,
51801-52000,
52001-52200,
52201-52400,
52401-52600,
52601-52800,
52801-53000,
53001-53200,
53201-53400,
53401-53600,
53601-53800,
53801-54000,
54001-54200,
54201-54400,
54401-54600,
54601-54800,
54801-55000,
55001-55200,
55201-55400,
55401-55600,
55601-55800,
55801-56000,
56001-56200,
56201-56400,
56401-56600,
56601-56800,
56801-57000,
57001-57200,
57201-57400,
57401-57600,
57601-57800,
57801-58000,
58001-58200,
58201-58400,
58401-58600,
58601-58800,
58801-59000,
59001-59200,
59201-59400,
59401-59600,
59601-59800,
59801-60000,
60001-60200,
60201-60400,
60401-60600,
60601-60800,
60801-61000,
61001-61200,
61201-61400,
61401-61600,
61601-61800,
61801-62000,
62001-62200,
62201-62400,
62401-62600,
62601-62800,
62801-63000,
63001-63200,
63201-63400,
63401-63600,
63601-63800,
63801-64000,
64001-64200,
64201-64400,
64401-64600,
64601-64800,
64801-65000,
65001-65200,
65201-65400,
65401-65600,
65601-65800,
65801-66000,
66001-66200,
66201-66400,
66401-66600,
66601-66800,
66801-67000,
67001-67200,
67201-67400,
67401-67600,
67601-67800,
67801-68000,
68001-68200,
68201-68400,
68401-68600,
68601-68800,
68801-69000,
69001-69200,
69201-69400,
69401-69600,
69601-69800,
69801-70000,
70001-70200,
70201-70400,
70401-70600,
70601-70800,
70801-71000,
71001-71200,
71201-71400,
71401-71600,
71601-71800,
71801-72000,
72001-72200,
72201-72400,
72401-72600,
72601-72800,
72801-73000,
73001-73200,
73201-73400,
73401-73600,
73601-73800,
73801-74000,
74001-74200,
74201-74400,
74401-74600,
74601-74800,
74801-75000,
75001-75200,
75201-75400,
75401-75600,
75601-75800,
75801-76000,
76001-76200,
76201-76400,
76401-76600,
76601-76800,
76801-77000,
77001-77200,
77201-77400,
77401-77600,
77601-77800,
77801-78000,
78001-78200,
78201-78400,
78401-78600,
78601-78800,
78801-79000,
79001-79200,
79201-79400,
79401-79600,
79601-79800,
79801-80000